date,Adjusted_Close,log_return,split
2020-01-03,104.37898254394531,-0.010445677324592525,train
2020-01-06,103.3917465209961,-0.009503200544391771,train
2020-01-07,103.57583618164062,0.0017789231220431741,train
2020-01-08,103.24115753173828,-0.0032364742957840076,train
2020-01-09,103.32481384277344,0.0008099718947132883,train
2020-01-10,104.35388946533203,0.009910347365487755,train
2020-01-13,103.63436889648438,-0.00691888517994547,train
2020-01-14,104.79729461669922,0.011158935912711363,train
2020-01-15,97.88667297363281,-0.06821754552959391,train
2020-01-16,97.31775665283203,-0.005828944893398672,train
2020-01-17,97.81974029541016,0.005144933779871246,train
2020-01-21,95.41023254394531,-0.0249405681116003,train
2020-01-22,95.2930908203125,-0.0012285233031022788,train
2020-01-23,96.65682220458984,0.014209481093816834,train
2020-01-24,95.64447021484375,-0.010528908352728452,train
2020-01-27,96.8659896850586,0.01269059213437129,train
2020-01-28,96.58151245117188,-0.0029411332357582396,train
2020-01-29,95.60264587402344,-0.010186844228571756,train
2020-01-30,95.93730926513672,0.003494453482811787,train
2020-01-31,92.6493148803711,-0.034873391666947084,train
2020-02-03,94.13017272949219,0.015857082570700433,train
2020-02-04,94.74927520751953,0.00655555384096353,train
2020-02-05,96.65682220458984,0.019932595455158412,train
2020-02-06,96.33052062988281,-0.0033815884591858903,train
2020-02-07,96.72373962402344,0.004073668588354953,train
2020-02-10,97.86993408203125,0.011780523918969003,train
2020-02-11,97.6273193359375,-0.0024820284316390837,train
2020-02-12,98.81535339355469,0.012095625920805514,train
2020-02-13,98.95757293701172,0.0014382106854586812,train
2020-02-14,97.57713317871094,-0.014048027319496293,train
2020-02-18,99.14212036132812,0.015911205143052574,train
2020-02-19,98.77189636230469,-0.0037412653938283056,train
2020-02-20,99.50393676757812,0.007384094369083356,train
2020-02-21,98.4521713256836,-0.010626348932169415,train
2020-02-24,95.73445129394531,-0.027992633653662054,train
2020-02-25,94.00114440917969,-0.01827126953768366,train
2020-02-26,93.10929107666016,-0.00953298071619332,train
2020-02-27,88.86863708496094,-0.04661468446575791,train
2020-02-28,86.66415405273438,-0.025118941351752834,train
2020-03-02,91.76304626464844,0.05716932021833977,train
2020-03-03,89.05374145507812,-0.02996964637616734,train
2020-03-04,90.7197036743164,0.018534549527420445,train
2020-03-05,89.1631088256836,-0.017307197746010743,train
2020-03-06,89.14628601074219,-0.0001886924130582266,train
2020-03-09,87.5307846069336,-0.018288127871224646,train
2020-03-10,91.1488265991211,0.040503072179144436,train
2020-03-11,88.83497619628906,-0.025713179212737268,train
2020-03-12,77.93043518066406,-0.13096387644297053,train
2020-03-13,84.99818420410156,0.08681332186678394,train
2020-03-16,78.91486358642578,-0.0742602987220707,train
2020-03-17,87.19424438476562,0.09976872873928072,train
2020-03-18,86.51271057128906,-0.00784697781121342,train
2020-03-19,84.56068420410156,-0.02282191328957499,train
2020-03-20,81.95231628417969,-0.03133186348091219,train
2020-03-23,81.35494232177734,-0.007315983771540486,train
2020-03-24,84.61116790771484,0.039244680643843205,train
2020-03-25,76.60102844238281,-0.09945576346808015,train
2020-03-26,80.83328247070312,0.05377828968363172,train
2020-03-27,79.7142105102539,-0.013940922575016583,train
2020-03-30,80.78279113769531,0.013316091968466004,train
2020-03-31,78.22491455078125,-0.032175764671705305,train
2020-04-01,80.1601333618164,0.024438103827925772,train
2020-04-02,79.39446258544922,-0.00959767594680883,train
2020-04-03,77.88837432861328,-0.019151921744474863,train
2020-04-06,82.04488372802734,0.051989756713738955,train
2020-04-07,82.67593383789062,0.007662094038583274,train
2020-04-08,88.03563690185547,0.06281314320438366,train
2020-04-09,87.67383575439453,-0.0041181804636844736,train
2020-04-13,88.07772064208984,0.004596096978618711,train
2020-04-14,91.19090270996094,0.03473552730671312,train
2020-04-15,89.39028930664062,-0.019943085568834226,train
2020-04-16,91.96499633789062,0.028395974513353774,train
2020-04-17,95.43153381347656,0.03700103689302818,train
2020-04-20,91.69573974609375,-0.039933147375039266,train
2020-04-21,89.94562530517578,-0.01927059510579732,train
2020-04-22,89.89512634277344,-0.0005615964487119457,train
2020-04-23,87.38777160644531,-0.02828836812253016,train
2020-04-24,90.7197036743164,0.037419213694500686,train
2020-04-27,92.45298767089844,0.01892570032672641,train
2020-04-28,94.23676300048828,0.019110096922298286,train
2020-04-29,94.3208999633789,0.0008924269335138349,train
2020-04-30,92.3351821899414,-0.02127755674352941,train
2020-05-01,91.0646743774414,-0.013855279508211605,train
2020-05-04,93.99275207519531,0.03164771218586488,train
2020-05-05,94.03483581542969,0.00044763368406954316,train
2020-05-06,95.56616973876953,0.01615357700584144,train
2020-05-07,95.38104248046875,-0.0019390418341689206,train
2020-05-08,97.45931243896484,0.02155514001821508,train
2020-05-11,101.11943054199219,0.03686731628734866,train
2020-05-12,100.45470428466797,-0.006595376608918307,train
2020-05-13,100.24434661865234,-0.0020962505014294015,train
2020-05-14,100.91747283935547,0.006692410467019656,train
2020-05-15,101.75886535644531,0.008302867105318723,train
2020-05-18,105.34323120117188,0.03461793826642065,train
2020-05-19,104.18441009521484,-0.011061384687180001,train
2020-05-20,101.19005584716797,-0.029162013271185977,train
2020-05-21,100.38650512695312,-0.007972702508013118,train
2020-05-22,99.37993621826172,-0.010077542760077714,train
2020-05-26,97.37525939941406,-0.020378076267987592,train
2020-05-27,99.31227111816406,0.01969697152190228,train
2020-05-28,100.17503356933594,0.008649851997712316,train
2020-05-29,103.47389221191406,0.032400340095928265,train
2020-06-01,101.0716323852539,-0.0234898347324089,train
2020-06-02,100.5302963256836,-0.005370358945235493,train
2020-06-03,102.96638488769531,0.023943436601522806,train
2020-06-04,101.46920013427734,-0.014647269169314098,train
2020-06-05,102.79721069335938,0.013002913840302364,train
2020-06-08,103.50773620605469,0.006888136544434286,train
2020-06-09,102.112060546875,-0.013575512822910177,train
2020-06-10,101.50303649902344,-0.005982128760496942,train
2020-06-11,99.81977844238281,-0.016722369813296827,train
2020-06-12,98.88087463378906,-0.009450505390896485,train
2020-06-15,99.93820190429688,0.01063617492541984,train
2020-06-16,100.8348159790039,0.008931678616567533,train
2020-06-17,100.03970336914062,-0.00791655173621297,train
2020-06-18,99.2192153930664,-0.008235441790625376,train
2020-06-19,101.97671508789062,0.027412804679732762,train
2020-06-22,103.55848693847656,0.01539204052294532,train
2020-06-23,102.77183532714844,-0.007625204228430479,train
2020-06-24,101.26619720458984,-0.014758674482658826,train
2020-06-25,101.34231567382812,0.0007513847442846388,train
2020-06-26,98.98236846923828,-0.023562312324479938,train
2020-06-29,100.29344940185547,0.013158644780558585,train
2020-06-30,101.44383239746094,0.01140488713489156,train
2020-07-01,100.62333679199219,-0.008121063091802909,train
2020-07-02,100.75868225097656,0.001344166475298051,train
2020-07-06,100.86019134521484,0.0010069404813608579,train
2020-07-07,99.862060546875,-0.009945474567124473,train
2020-07-08,99.55755615234375,-0.0030539084993852004,train
2020-07-09,99.72673797607422,0.001697894609448821,train
2020-07-10,100.53874969482422,0.0081093969627026,train
2020-07-13,100.42881774902344,-0.0010940268438711601,train
2020-07-14,101.57071685791016,0.011306078253261267,train
2020-07-15,102.91561889648438,0.01315414476076444,train
2020-07-16,103.15245056152344,0.0022985780372106533,train
2020-07-17,102.91561889648438,-0.002298578037210642,train
2020-07-20,101.35076904296875,-0.015321957598329428,train
2020-07-21,101.67218780517578,0.003166331884168161,train
2020-07-22,104.15902709960938,0.024165045229911804,train
2020-07-23,103.49079132080078,-0.006436201973870603,train
2020-07-24,104.64117431640625,0.011054474087409697,train
2020-07-27,103.77839660644531,-0.008279286196654162,train
2020-07-28,104.28591918945312,0.004878526023582126,train
2020-07-29,104.61579895019531,0.003158231898489979,train
2020-07-30,105.3770751953125,0.007250527745248954,train
2020-07-31,106.47669219970703,0.010380999053543087,train
2020-08-03,108.13457489013672,0.015450406615748978,train
2020-08-04,110.3422622680664,0.020210495106855457,train
2020-08-05,109.42871856689453,-0.008313645044992348,train
2020-08-06,109.12422943115234,-0.002786412496726014,train
2020-08-07,111.4418716430664,0.021016171610958975,train
2020-08-10,112.44844055175781,0.008991685978796217,train
2020-08-11,111.4164810180664,-0.009219549326134646,train
2020-08-12,113.85259246826172,0.021629302104530845,train
2020-08-13,114.03019714355469,0.0015587373803475084,train
2020-08-14,115.48506927490234,0.01267795071631827,train
2020-08-17,116.9314956665039,0.01244700493907399,train
2020-08-18,116.3704605102539,-0.0048095287918894294,train
2020-08-19,131.0931854248047,0.11912968203430628,train
2020-08-20,129.41006469726562,-0.012922250666354437,train
2020-08-21,130.5916290283203,0.009088959753443234,train
2020-08-24,130.26010131835938,-0.0025418875928150896,train
2020-08-25,129.92864990234375,-0.002547778055376657,train
2020-08-26,129.80960083007812,-0.000916685010901895,train
2020-08-27,127.7695083618164,-0.015840843109600173,train
2020-08-28,128.22853088378906,0.0035861447631472276,train
2020-08-31,128.53456115722656,0.002383757072854666,train
2020-09-01,127.9735107421875,-0.004374531418034539,train
2020-09-02,127.36995697021484,-0.004727396407761331,train
2020-09-03,124.13134002685547,-0.025755699948572717,train
2020-09-04,125.1513900756836,0.008183926272764418,train
2020-09-08,122.40574645996094,-0.022182807914345914,train
2020-09-09,125.4233627319336,0.024353599344885613,train
2020-09-10,124.13983154296875,-0.010286312531145765,train
2020-09-11,125.50837707519531,0.010963901955104365,train
2020-09-14,126.179931640625,0.00533641123440563,train
2020-09-15,126.71544647216797,0.004235076464816888,train
2020-09-16,125.79741668701172,-0.007271184670460763,train
2020-09-17,125.47440338134766,-0.002571028327073693,train
2020-09-18,126.5029296875,0.008163686835355441,train
2020-09-21,127.38700103759766,0.006964237776081763,train
2020-09-22,130.9741668701172,0.02777039902956824,train
2020-09-23,128.36453247070312,-0.020125978055515335,train
2020-09-24,129.2061004638672,0.006534681211887467,train
2020-09-25,131.20367431640625,0.01534207413185833,train
2020-09-28,132.99725341796875,0.013577595437546308,train
2020-09-29,133.4052734375,0.003063186700132497,train
2020-09-30,133.813232421875,0.003053376112681047,train
2020-10-01,134.8163299560547,0.007468293419708091,train
2020-10-02,135.2413787841797,0.0031478396309296253,train
2020-10-05,137.27294921875,0.014910100955369132,train
2020-10-06,134.65484619140625,-0.019256464200493977,train
2020-10-07,136.58441162109375,0.014228014014835038,train
2020-10-08,137.5874481201172,0.007316877632188433,train
2020-10-09,139.16004943847656,0.011365004266081967,train
2020-10-12,139.89108276367188,0.00523943401889056,train
2020-10-13,140.80064392089844,0.0064808774491944155,train
2020-10-14,139.38107299804688,-0.010133302670058943,train
2020-10-15,140.6476287841797,0.00904596146647618,train
2020-10-16,140.1885986328125,-0.003269026680609637,train
2020-10-19,139.44906616210938,-0.005289231658686737,train
2020-10-20,140.1460723876953,0.004985835398148786,train
2020-10-21,138.8030242919922,-0.009629416188053061,train
2020-10-22,135.6663818359375,-0.022857039399659378,train
2020-10-23,136.201904296875,0.0039395779564888305,train
2020-10-26,134.28082275390625,-0.014205075994781746,train
2020-10-27,133.4817352294922,-0.005968645524631342,train
2020-10-28,131.9346923828125,-0.011657608240723653,train
2020-10-29,131.11868286132812,-0.006204156385993752,train
2020-10-30,129.39306640625,-0.013248091103071956,train
2020-11-02,131.23770141601562,0.014155395594098792,train
2020-11-03,133.22677612304688,0.015042566264618909,train
2020-11-04,133.1332550048828,-0.0007022158813470356,train
2020-11-05,134.8418426513672,0.01275201177044796,train
2020-11-06,137.28143310546875,0.017930519235269136,train
2020-11-09,131.67970275878906,-0.04166059534663649,train
2020-11-10,134.3658447265625,0.020193784666762107,train
2020-11-11,135.7428741455078,0.010196200660442105,train
2020-11-12,135.60690307617188,-0.0010021831018885176,train
2020-11-13,138.4545135498047,0.020781567810068236,train
2020-11-16,140.40963745117188,0.01402228238851629,train
2020-11-17,139.1634063720703,-0.008915303968697887,train
2020-11-18,142.4154510498047,0.0230996695730991,train
2020-11-19,146.27346801757812,0.026729440661363423,train
2020-11-20,147.07583618164062,0.005470407827839321,train
2020-11-23,151.55699157714844,0.03001339009396836,train
2020-11-24,151.81309509277344,0.00168839043608392,train
2020-11-25,153.48605346679688,0.010959579331511624,train
2020-11-27,153.44338989257812,-0.00027800248830195487,train
2020-11-30,153.238525390625,-0.0013360066062980433,train
2020-12-01,152.82882690429688,-0.00267718022166422,train
2020-12-02,150.575439453125,-0.014854299263975603,train
2020-12-03,149.30361938476562,-0.008482270811342325,train
2020-12-04,149.39752197265625,0.0006287394186531125,train
2020-12-07,147.58799743652344,-0.012186095353619556,train
2020-12-08,147.42584228515625,-0.0010993054959737847,train
2020-12-09,148.57810974121094,0.007785526297847701,train
2020-12-10,147.15269470214844,-0.009640024348415821,train
2020-12-11,146.56373596191406,-0.004010395525152635,train
2020-12-14,145.9491729736328,-0.004201960828113215,train
2020-12-15,146.3076629638672,0.002453254302030358,train
2020-12-16,146.54666137695312,0.001632200355470804,train
2020-12-17,146.16253662109375,-0.0026246184198791514,train
2020-12-18,145.462646484375,-0.0047999385582539085,train
2020-12-21,146.6063995361328,0.007832113084288082,train
2020-12-22,147.11001586914062,0.0034292725917485574,train
2020-12-23,149.29510498046875,0.014744203405871053,train
2020-12-24,149.53407287597656,0.0015993615359858528,train
2020-12-28,150.558349609375,0.006826435019842493,train
2020-12-29,149.40606689453125,-0.007682833825082149,train
2020-12-30,148.4159393310547,-0.006649147414678805,train
2020-12-31,150.67784118652344,0.015125322724394432,train
2021-01-04,151.6167755126953,0.0062120679214334685,train
2021-01-05,153.9554901123047,0.01530741189051091,train
2021-01-06,161.25338745117188,0.04631342751134772,train
2021-01-07,163.11415100097656,0.011473305687187744,train
2021-01-08,165.24801635742188,0.012997206179683096,train
2021-01-11,166.68199157714844,0.008640280218652666,train
2021-01-12,169.94256591796875,0.01937277743568367,train
2021-01-13,167.99642944335938,-0.011517806561496473,train
2021-01-14,169.01217651367188,0.006028036840259313,train
2021-01-15,166.27227783203125,-0.016344090148648058,train
2021-01-19,160.60470581054688,-0.03468057003676101,train
2021-01-20,160.7241668701172,0.000743543921698982,train
2021-01-21,163.2592315673828,0.01564966876876521,train
2021-01-22,163.80552673339844,0.003340596381519824,train
2021-01-25,162.30325317382812,-0.00921339307020212,train
2021-01-26,160.21205139160156,-0.012968259552306082,train
2021-01-27,152.17156982421875,-0.05148962583658368,train
2021-01-28,156.69540405273438,0.029295186206773606,train
2021-01-29,154.63836669921875,-0.013214546449673582,train
2021-02-01,156.6868896484375,0.01316020767897661,train
2021-02-02,158.41104125976562,0.010943701305927289,train
2021-02-03,158.00135803222656,-0.0025895537431097665,train
2021-02-04,160.9717254638672,0.018625103194221834,train
2021-02-05,161.2021484375,0.0014304264348436143,train
2021-02-08,165.54678344726562,0.026594676550715624,train
2021-02-09,165.8369903564453,0.001751485777578416,train
2021-02-10,164.25790405273438,-0.00956754179451013,train
2021-02-11,162.52520751953125,-0.010604665357003813,train
2021-02-12,163.3958282470703,0.005342538239752185,train
2021-02-16,163.25872802734375,-0.0008394202691711492,train
2021-02-17,165.83712768554688,0.01566991727751393,train
2021-02-18,163.96116638183594,-0.011376538754366249,train
2021-02-19,161.74256896972656,-0.013623618559157967,train
2021-02-22,161.88819885253906,0.0008999755716797524,train
2021-02-23,159.6353302001953,-0.014013938756043275,train
2021-02-24,160.25209045410156,0.0038561129843312407,train
2021-02-25,158.53887939453125,-0.010748281569312599,train
2021-02-26,157.1340789794922,-0.008900411970506608,train
2021-03-01,159.40403747558594,0.014342648111006377,train
2021-03-02,148.6109619140625,-0.07011019775159257,train
2021-03-03,148.71371459960938,0.0006911817131520885,train
2021-03-04,145.4672393798828,-0.022072176845506192,train
2021-03-05,147.85714721679688,0.0162956837714112,train
2021-03-08,151.5062255859375,0.024380130951877417,train
2021-03-09,153.48497009277344,0.012975930446619387,train
2021-03-10,152.97103881835938,-0.003354032822072713,train
2021-03-11,153.60488891601562,0.004135034381191299,train
2021-03-12,154.19593811035156,0.0038404699981145294,train
2021-03-15,155.12965393066406,0.0060371251539124106,train
2021-03-16,154.36729431152344,-0.0049264534938949,train
2021-03-17,152.81687927246094,-0.010094453671226628,train
2021-03-18,153.8533172607422,0.006759326117125322,train
2021-03-19,160.65469360351562,0.04325763827432385,train
2021-03-22,161.07443237304688,0.0026092695611503593,train
2021-03-23,161.8282470703125,0.004668998522813092,train
2021-03-24,161.27999877929688,-0.0033935922355116943,train
2021-03-25,165.06614685058594,0.023204306255043806,train
2021-03-26,172.1331024169922,0.04192174523732714,train
2021-03-29,169.7860565185547,-0.013728875388504832,train
2021-03-30,171.01953125,0.0072386143985306755,train
2021-03-31,169.66610717773438,-0.007945337516784754,train
2021-04-01,171.9360809326172,0.013290354960149534,train
2021-04-05,175.902099609375,0.022804802793109164,train
2021-04-06,175.97061157226562,0.00038941333942215344,train
2021-04-07,175.1311798095703,-0.004781709366052119,train
2021-04-08,174.28317260742188,-0.004853886860788993,train
2021-04-09,175.9106903076172,0.009295019646570826,train
2021-04-12,175.68798828125,-0.0012667968892443218,train
2021-04-13,175.5509033203125,-0.0007805796634476285,train
2021-04-14,176.2104949951172,0.0037502264376682286,train
2021-04-15,176.25332641601562,0.00024304009947907464,train
2021-04-16,178.6432342529297,0.013468397435511766,train
2021-04-19,178.72886657714844,0.0004792334133456983,train
2021-04-20,177.54676818847656,-0.006635888683528488,train
2021-04-21,177.1184844970703,-0.0024151444007668886,train
2021-04-22,176.09060668945312,-0.005820239257103319,train
2021-04-23,176.4674835205078,0.0021379567513794724,train
2021-04-26,174.42880249023438,-0.0116199803231239,train
2021-04-27,175.05410766601562,0.003578463065761994,train
2021-04-28,175.13973999023438,0.0004890567124386865,train
2021-04-29,177.64102172851562,0.01418061257726047,train
2021-04-30,177.53817749023438,-0.0005791118476629064,train
2021-05-03,180.9817352294922,0.019210445599587466,train
2021-05-04,181.264404296875,0.001560646720074045,train
2021-05-05,181.94970703125,0.003773551336301923,train
2021-05-06,182.455078125,0.0027736815669491353,train
2021-05-07,183.9198760986328,0.00799621132174046,train
2021-05-10,183.3373565673828,-0.003172272554185703,train
2021-05-11,179.2342987060547,-0.022634052974922228,train
2021-05-12,173.8548583984375,-0.03047307727089321,train
2021-05-13,178.6946258544922,0.027457544166482033,train
2021-05-14,180.87893676757812,0.012149601691789058,train
2021-05-17,179.90243530273438,-0.005413271998030298,train
2021-05-18,177.40158081054688,-0.013998697014075877,train
2021-05-19,188.21263122558594,0.05915636003830561,train
2021-05-20,190.6016845703125,0.012613488561050322,train
2021-05-21,193.4376220703125,0.014769264506551222,train
2021-05-24,193.712646484375,0.0014207633710403562,train
2021-05-25,193.6180877685547,-0.0004882582730297763,train
2021-05-26,195.173583984375,0.008001737837555515,train
2021-05-27,195.39703369140625,0.0011442219219671497,train
2021-05-28,195.01028442382812,-0.0019812609863830728,train
2021-06-01,195.3111114501953,0.0015414327224245303,train
2021-06-02,196.26498413085938,0.004871975476539604,train
2021-06-03,196.95249938964844,0.0034968738074350335,train
2021-06-04,198.80874633789062,0.009380709103703052,train
2021-06-07,198.4220733642578,-0.001946843379641992,train
2021-06-08,202.04002380371094,0.018069369878183326,train
2021-06-09,199.32435607910156,-0.01353238754078181,train
2021-06-10,199.08375549316406,-0.0012078098221299156,train
2021-06-11,200.18377685546875,0.005510210855907984,train
2021-06-14,200.2954864501953,0.0005578795601139487,train
2021-06-15,199.86578369140625,-0.002147648740720123,train
2021-06-16,198.739990234375,-0.005648671063534293,train
2021-06-17,198.7056121826172,-0.00017299500426970563,train
2021-06-18,198.11265563964844,-0.002988556890558871,train
2021-06-21,200.89703369140625,0.013956669841169741,train
2021-06-22,203.85333251953125,0.014608270420342354,train
2021-06-23,203.9392547607422,0.0004214016888119273,train
2021-06-24,206.1134796142578,0.01060471030820161,train
2021-06-25,206.7236328125,0.0029559050004826747,train
2021-06-28,207.33383178710938,0.0029474141563674686,train
2021-06-29,207.84083557128906,0.002442364990305794,train
2021-06-30,207.7462921142578,-0.0004549874255670766,train
2021-07-01,209.23301696777344,0.007130958880674617,train
2021-07-02,211.9056854248047,0.012692750980353556,train
2021-07-06,210.93460083007812,-0.0045931588524041654,train
2021-07-07,212.73928833007812,0.00851928080173579,train
2021-07-08,213.6244659423828,0.00415222389431755,train
2021-07-09,213.6244659423828,0.0,train
2021-07-12,216.76979064941406,0.014616276378004686,train
2021-07-13,216.3486785888672,-0.0019445589285708032,train
2021-07-14,217.9643096923828,0.007439973473657777,train
2021-07-15,217.36277770996094,-0.002763588036100492,train
2021-07-16,215.83303833007812,-0.007062606248277859,train
2021-07-19,215.80728149414062,-0.00011934397592221504,train
2021-07-20,218.89247131347656,0.01419481655035424,train
2021-07-21,220.04400634765625,0.0052469445336085175,train
2021-07-22,220.8690643310547,0.003742501646096679,train
2021-07-23,224.32371520996094,0.015520108959350942,train
2021-07-26,224.17762756347656,-0.0006514480012364747,train
2021-07-27,222.02923583984375,-0.009629651632661631,train
2021-07-28,221.22140502929688,-0.0036450334437603377,train
2021-07-29,224.8651580810547,0.016336892406378412,train
2021-07-30,224.34088134765625,-0.0023342383023879695,train
2021-08-02,221.0666961669922,-0.014702238235672965,train
2021-08-03,225.32923889160156,0.01909816801201822,train
2021-08-04,223.89407348632812,-0.006389562823026291,train
2021-08-05,224.64169311523438,0.0033336040375262993,train
2021-08-06,223.51589965820312,-0.005024106891225236,train
2021-08-09,225.5096893310547,0.008880575294653855,train
2021-08-10,226.93624877929688,0.006306009427549464,train
2021-08-11,226.02529907226562,-0.004022199851049748,train
2021-08-12,225.05419921875,-0.004305677191940764,train
2021-08-13,224.76199340820312,-0.0012992233558490906,train
2021-08-16,226.14566040039062,0.006137271450636511,train
2021-08-17,219.59190368652344,-0.02940846621037758,train
2021-08-18,213.49525451660156,-0.028156235164126384,train
2021-08-19,211.6240234375,-0.008803379479970584,train
2021-08-20,218.51400756835938,0.032038894492002465,train
2021-08-23,217.76376342773438,-0.003439299134820603,train
2021-08-24,216.14260864257812,-0.007472406181834688,train
2021-08-25,216.57374572753906,0.00199270133089313,train
2021-08-26,214.68527221679688,-0.008758010861570669,train
2021-08-27,214.875,0.0008833582051776654,train
2021-08-30,215.0301971435547,0.0007220063927015334,train
2021-08-31,212.97784423828125,-0.009590327457153148,train
2021-09-01,212.45184326171875,-0.002472799901122935,train
2021-09-02,211.9689178466797,-0.002275692745055475,train
2021-09-03,210.67543029785156,-0.006120945863753248,train
2021-09-07,209.30433654785156,-0.006529355599145723,train
2021-09-08,212.22764587402344,0.013870151322866665,train
2021-09-09,211.6498565673828,-0.002726210573421163,train
2021-09-10,210.873779296875,-0.0036735371817753475,train
2021-09-13,209.6320343017578,-0.005905975919258874,train
2021-09-14,208.8904266357422,-0.0035439361631313202,train
2021-09-15,210.52883911132812,0.00781280662780263,train
2021-09-16,212.95199584960938,0.0114441220687851,train
2021-09-17,212.71054077148438,-0.0011344907444245482,train
2021-09-20,208.80416870117188,-0.01853545711381609,train
2021-09-21,208.08843994140625,-0.0034336394943162993,train
2021-09-22,208.48512268066406,0.0019045032846667811,train
2021-09-23,209.26124572753906,0.003715766304905016,train
2021-09-24,208.20059204101562,-0.005081451154751754,train
2021-09-27,205.73431396484375,-0.01191640146669188,train
2021-09-28,201.30194091796875,-0.021779623810279633,train
2021-09-29,203.38014221191406,0.010270875088477432,train
2021-09-30,197.27487182617188,-0.030478804919830876,train
2021-10-01,196.97303771972656,-0.0015311896809541378,train
2021-10-04,194.79135131835938,-0.011137862531205935,train
2021-10-05,196.2314453125,0.007365813541271959,train
2021-10-06,195.6019287109375,-0.0032131879769339775,train
2021-10-07,198.1802978515625,0.013095593526672247,train
2021-10-08,197.38694763183594,-0.004011208170147495,train
2021-10-11,197.23175048828125,-0.0007865676527522305,train
2021-10-12,198.54249572753906,0.0066237257429555205,train
2021-10-13,204.1562957763672,0.02788269477902055,train
2021-10-14,208.76107788085938,0.022304573752447543,train
2021-10-15,211.88270568847656,0.01484241648887105,train
2021-10-18,218.72959899902344,0.03180341266529405,train
2021-10-19,217.47061157226562,-0.00577253697848721,train
2021-10-20,217.16014099121094,-0.0014286639039298404,train
2021-10-21,219.2124786376953,0.00940642325778153,train
2021-10-22,220.69569396972656,0.006743320742050456,train
2021-10-25,224.50717163085938,0.017122849288442283,train
2021-10-26,223.11024475097656,-0.006241631196077847,train
2021-10-27,221.2217254638672,-0.008500539171579093,train
2021-10-28,222.67042541503906,0.006527284124493359,train
2021-10-29,223.87767028808594,0.0054070225621931775,train
2021-11-01,222.41171264648438,-0.006569562127671866,train
2021-11-02,224.42958068847656,0.00903176044373497,train
2021-11-03,224.55889892578125,0.0005760425790511703,train
2021-11-04,224.5847930908203,0.00011530459195139973,train
2021-11-05,219.26422119140625,-0.023975841330345384,train
2021-11-08,218.45362854003906,-0.00370372640036984,train
2021-11-09,220.0316925048828,0.007197827166481185,train
2021-11-10,219.07449340820312,-0.004359768290936853,train
2021-11-11,220.76466369628906,0.007685439461558508,train
2021-11-12,224.2226104736328,0.015542091135087246,train
2021-11-15,227.93923950195312,0.016439744903018454,train
2021-11-16,230.50050354003906,0.011173946963525921,train
2021-11-17,219.60665893554688,-0.04841501479254301,train
2021-11-18,218.09242248535156,-0.006919102897448307,train
2021-11-19,216.92428588867188,-0.005370549599067144,train
2021-11-22,211.62017822265625,-0.0247553240426024,train
2021-11-23,215.60911560058594,0.018674062634062304,train
2021-11-24,215.24566650390625,-0.0016871075730550704,train
2021-11-26,213.3507537841797,-0.008842468004059831,train
2021-11-29,215.59178161621094,0.010449176930005395,train
2021-11-30,210.98854064941406,-0.021582897362269246,train
2021-12-01,208.00335693359375,-0.014249603607923383,train
2021-12-02,212.42486572265625,0.021034134098022832,train
2021-12-03,214.21603393554688,0.008396657413773618,train
2021-12-06,210.2357635498047,-0.01875542563664213,train
2021-12-07,212.53736877441406,0.010888241410147085,train
2021-12-08,207.31979370117188,-0.02485532771360777,train
2021-12-09,205.55458068847656,-0.008550900118289304,train
2021-12-10,206.09103393554688,0.0026063853552694516,train
2021-12-13,202.621337890625,-0.016979076925419872,train
2021-12-14,203.581787109375,0.004728919840786974,train
2021-12-15,204.76718139648438,0.005805806837996723,train
2021-12-16,194.4964141845703,-0.05145990641743044,train
2021-12-17,193.2244415283203,-0.0065613040969142505,train
2021-12-20,189.65951538085938,-0.018621982469794445,train
2021-12-21,190.42092895507812,0.004006597046150988,train
2021-12-22,188.40489196777344,-0.010643709635123948,train
2021-12-23,191.23431396484375,0.014906123194642632,train
2021-12-27,193.90802001953125,0.013884472162057833,train
2021-12-28,194.60891723632812,0.003608069095331473,train
2021-12-29,197.21336364746094,0.01329421473155361,train
2021-12-30,200.6658172607422,0.017354716864451787,train
2021-12-31,200.25912475585938,-0.0020287719807596588,train
2022-01-03,200.70040893554688,0.002201141615435484,train
2022-01-04,202.621337890625,0.00952561321161517,train
2022-01-05,198.02670288085938,-0.022937021922176944,train
2022-01-06,200.18125915527344,0.010821367250376494,train
2022-01-07,199.6880340576172,-0.002466932851135489,train
2022-01-10,196.78073120117188,-0.01466624977376813,train
2022-01-11,196.89321899414062,0.0005714769594195896,train
2022-01-12,194.22817993164062,-0.01362789310682377,train
2022-01-13,195.4049530029297,0.00604043419246841,train
2022-01-14,191.57180786132812,-0.01981137319449008,train
2022-01-18,190.36904907226562,-0.006298162362207132,train
2022-01-19,193.6830596923828,0.017258558423434378,train
2022-01-20,191.84866333007812,-0.009516260770247595,train
2022-01-21,187.98086547851562,-0.020366671122523845,train
2022-01-24,190.8622283935547,0.01521167218041832,train
2022-01-25,185.7571258544922,-0.02711180499055327,train
2022-01-26,183.18728637695312,-0.013930993144147811,train
2022-01-27,183.59393310546875,0.0022173812263641835,train
2022-01-28,188.34429931640625,0.025545233689469773,train
2022-01-31,190.7324676513672,0.012600085992496051,train
2022-02-01,189.69410705566406,-0.005458941321859321,train
2022-02-02,188.29241943359375,-0.007416634980305956,train
2022-02-03,184.49383544921875,-0.020380126209336335,train
2022-02-04,185.2033233642578,0.003838216059462289,train
2022-02-07,182.8238525390625,-0.01293113192542331,train
2022-02-08,184.2602081298828,0.007825798367655214,train
2022-02-09,187.45306396484375,0.01717955532824942,train
2022-02-10,185.0302734375,-0.013009036659539307,train
2022-02-11,183.05746459960938,-0.010719334138635338,train
2022-02-14,180.47032165527344,-0.014233776463270289,train
2022-02-15,180.0444793701172,-0.002362413315609078,train
2022-02-16,180.5919647216797,0.003036219889146169,train
2022-02-17,177.2809600830078,-0.018504328690122127,train
2022-02-18,177.619873046875,0.0019099029094982274,train
2022-02-22,170.6329345703125,-0.04013105425025295,train
2022-02-23,165.0277099609375,-0.033401268876608825,train
2022-02-24,166.46163940429688,0.00865148994996815,train
2022-02-25,173.12705993652344,0.039260886513587674,train
2022-02-28,173.60504150390625,0.002757067304557762,train
2022-03-01,190.6900177001953,0.09386632294267476,train
2022-03-02,195.4435577392578,0.024622464857032334,train
2022-03-03,194.5224151611328,-0.004724229062710709,train
2022-03-04,194.7483673095703,0.0011608997334938526,train
2022-03-07,183.39889526367188,-0.06004476503605829,train
2022-03-08,181.46099853515625,-0.010622789649935054,train
2022-03-09,187.7092742919922,0.033853606048060016,train
2022-03-10,186.6490478515625,-0.005664248461334456,train
2022-03-11,179.86199951171875,-0.037040216627308074,train
2022-03-14,181.41754150390625,0.008611346219278466,train
2022-03-15,187.14439392089844,0.031079245208345742,train
2022-03-16,187.3529510498047,0.001113797751932999,train
2022-03-17,191.73287963867188,0.023108874807238982,train
2022-03-18,196.44297790527344,0.024269048962771152,train
2022-03-21,193.79241943359375,-0.013584617137265706,train
2022-03-22,193.59254455566406,-0.0010319187074680721,train
2022-03-23,188.3349609375,-0.027533579987431382,train
2022-03-24,188.61305236816406,0.0014754898357329889,train
2022-03-25,189.97740173339844,0.0072075524187620995,train
2022-03-28,190.7682647705078,0.004154291140186472,train
2022-03-29,193.7316131591797,0.015414345924907303,train
2022-03-30,192.88870239257812,-0.004360412881739732,train
2022-03-31,184.4243621826172,-0.044873932671111935,train
2022-04-01,182.96437072753906,-0.00794797994587544,train
2022-04-04,186.3275146484375,0.01821451830229592,train
2022-04-05,186.65777587890625,0.0017709079964695026,train
2022-04-06,187.65713500976562,0.005339683118585344,train
2022-04-07,198.30270385742188,0.0551781227937658,train
2022-04-08,202.77813720703125,0.022317790587643025,train
2022-04-11,199.27593994140625,-0.01742196409831314,train
2022-04-12,201.0400848388672,0.008813818126870229,train
2022-04-13,203.19528198242188,0.010663181609143754,train
2022-04-14,206.13258361816406,0.014352074714206346,train
2022-04-18,208.03575134277344,0.009190374828500493,train
2022-04-19,213.82345581054688,0.02744075530953598,train
2022-04-20,216.6651611328125,0.013202423883072448,train
2022-04-21,215.66578674316406,-0.004623199771416136,train
2022-04-22,210.02578735351562,-0.026499605708179955,train
2022-04-25,210.00843811035156,-8.260871196753853e-05,train
2022-04-26,205.5242919921875,-0.021583475230222835,train
2022-04-27,200.7185821533203,-0.023660397928343586,train
2022-04-28,205.4286651611328,0.023195007274176806,train
2022-04-29,198.70242309570312,-0.03329050127591996,train
2022-05-02,199.6844482421875,0.004930017559071354,train
2022-05-03,202.0829620361328,0.011939954448082442,train
2022-05-04,206.3324432373047,0.020810353898128724,train
2022-05-05,200.5360565185547,-0.028494606544198234,train
2022-05-06,195.71299743652344,-0.024344776284782394,train
2022-05-09,194.8352813720703,-0.004494796622085797,train
2022-05-10,190.4119415283203,-0.022964652180493515,train
2022-05-11,185.5280303955078,-0.02598386061614231,train
2022-05-12,188.81292724609375,0.017550744065170345,train
2022-05-13,190.95074462890625,0.011258791314900209,train
2022-05-16,190.5336151123047,-0.0021868769829809422,train
2022-05-17,187.85467529296875,-0.014159976134757168,train
2022-05-18,141.02191162109375,-0.2867533802750465,train
2022-05-19,133.88400268554688,-0.05194150641483448,train
2022-05-20,135.568115234375,0.012500436009563113,train
2022-05-23,134.29409790039062,-0.009442054034251442,train
2022-05-24,130.8473358154297,-0.026000887264699308,train
2022-05-25,136.4930877685547,0.04224270611619244,train
2022-05-26,142.4093475341797,0.04243166533508036,train
2022-05-27,145.84744262695312,0.02385552227191121,train
2022-05-31,141.25753784179688,-0.03197642803726309,train
2022-06-01,136.580322265625,-0.03367185078672521,train
2022-06-02,140.41107177734375,0.027661464227897562,train
2022-06-03,140.52452087402344,0.0008076520441991975,train
2022-06-06,139.3290557861328,-0.00854355605384328,train
2022-06-07,136.10916137695312,-0.02338122232334065,train
2022-06-08,136.73741149902344,0.004605161250511477,train
2022-06-09,134.86131286621094,-0.013815443923500726,train
2022-06-10,130.60299682617188,-0.03208477510885001,train
2022-06-13,126.36215209960938,-0.0330101558976157,train
2022-06-14,124.52094268798828,-0.014678091163403366,train
2022-06-15,128.6570587158203,0.03267648869576833,train
2022-06-16,124.68673706054688,-0.0313459165626272,train
2022-06-17,121.55409240722656,-0.025445119548793804,train
2022-06-21,126.26615905761719,0.038032683796693036,train
2022-06-22,122.87169647216797,-0.027251359667075026,train
2022-06-23,128.10733032226562,0.04172773786875021,train
2022-06-24,131.2574462890625,0.024292202791013635,train
2022-06-27,130.5506591796875,-0.005399289110237535,train
2022-06-28,126.10907745361328,-0.03461411785238177,train
2022-06-29,123.82281494140625,-0.018295594556559023,train
2022-06-30,123.23820495605469,-0.004732523784682543,train
2022-07-01,124.24169921875,0.008109747462956571,train
2022-07-05,127.1474838256836,0.023118846996503836,train
2022-07-06,126.36215209960938,-0.0061956953659253085,train
2022-07-07,130.85606384277344,0.034945962558754845,train
2022-07-08,129.13702392578125,-0.013223928241392542,train
2022-07-11,127.74088287353516,-0.010870182002417158,train
2022-07-12,126.14395141601562,-0.01258013321484194,train
2022-07-13,126.91188049316406,0.006069264862525218,train
2022-07-14,127.65355682373047,0.00582701592928509,train
2022-07-15,127.98517608642578,0.002594438213129846,train
2022-07-18,130.33248901367188,0.01817434775219116,train
2022-07-19,133.8229217529297,0.026428653430884325,train
2022-07-20,136.5629119873047,0.020267955554846836,train
2022-07-21,138.44773864746094,0.013707514005873942,train
2022-07-22,137.64495849609375,-0.005815310741855629,train
2022-07-25,137.4268035888672,-0.0015861675608685303,train
2022-07-26,132.47036743164062,-0.03673245943986724,train
2022-07-27,134.9049530029297,0.01821150025808123,train
2022-07-28,139.11090087890625,0.03070098442141617,train
2022-07-29,142.56642150878906,0.02453654389279437,train
2022-08-01,144.45999145507812,0.013194586510309607,train
2022-08-02,142.65367126464844,-0.012582779973592676,train
2022-08-03,146.52801513671875,0.02679682627892317,train
2022-08-04,145.34132385253906,-0.008131705970966633,train
2022-08-05,144.966064453125,-0.0025852570312434923,train
2022-08-08,145.69908142089844,0.005043731813923463,train
2022-08-09,144.0847625732422,-0.011141653206197302,train
2022-08-10,148.0551300048828,0.02718294905342979,train
2022-08-11,147.99404907226562,-0.00041264045165930005,train
2022-08-12,150.50714111328125,0.016838468336398134,train
2022-08-15,151.3012237548828,0.005262176708234154,train
2022-08-16,158.22047424316406,0.04471675792505752,train
2022-08-17,153.96177673339844,-0.02728509837794534,train
2022-08-18,151.9510040283203,-0.013146241612271355,train
2022-08-19,146.6737823486328,-0.03534717388326877,train
2022-08-22,142.21316528320312,-0.030883857133532887,train
2022-08-23,142.22193908691406,6.169283312027961e-05,train
2022-08-24,143.24049377441406,0.0071362035264135116,train
2022-08-25,147.0776824951172,0.026435907237963185,train
2022-08-26,141.03652954101562,-0.041941967961628836,train
2022-08-29,139.34185791015625,-0.012088608424548987,train
2022-08-30,141.17703247070312,0.013084329114189325,train
2022-08-31,140.7906494140625,-0.0027406211655294937,train
2022-09-01,144.74200439453125,0.027678846476801106,train
2022-09-02,144.53126525878906,-0.0014570248628684996,train
2022-09-06,143.63565063476562,-0.006215963445972253,train
2022-09-07,149.966552734375,0.04313239818614563,train
2022-09-08,150.94119262695312,0.006478020695560343,train
2022-09-09,152.4778289794922,0.01012889358033969,train
2022-09-12,152.65345764160156,0.001151167967397317,train
2022-09-13,145.97128295898438,-0.04476045940442312,train
2022-09-14,145.21617126464844,-0.005186441764845035,train
2022-09-15,144.89126586914062,-0.0022398979809632727,train
2022-09-16,144.0834197998047,-0.0055911345449283474,train
2022-09-19,144.67176818847656,0.004075072776751929,train
2022-09-20,140.51844787597656,-0.02912872702330733,train
2022-09-21,139.64036560058594,-0.006268481364283522,train
2022-09-22,134.31045532226562,-0.03891634939872952,train
2022-09-23,134.0031280517578,-0.0022908076515732356,train
2022-09-26,130.57859802246094,-0.02588781418855323,train
2022-09-27,130.36790466308594,-0.001614839846422113,train
2022-09-28,136.86566162109375,0.04863938333066699,train
2022-09-29,133.28311157226562,-0.026524348367517832,train
2022-09-30,130.2976531982422,-0.02265405106578294,train
2022-10-03,133.28311157226562,0.022654051065782853,train
2022-10-04,137.82275390625,0.03349294335871255,train
2022-10-05,137.33984375,-0.0035100021307806544,train
2022-10-06,136.76026916503906,-0.004228932579049368,train
2022-10-07,133.7660369873047,-0.022137251628162113,train
2022-10-10,134.43341064453125,0.004976707003362595,train
2022-10-11,135.66270446777344,0.009102702650208598,train
2022-10-12,135.3641357421875,-0.0022032419086797663,train
2022-10-13,135.32899475097656,-0.00025963711265466203,train
2022-10-14,127.92679595947266,-0.05625061817736005,train
2022-10-17,131.0527801513672,0.024141950224743757,train
2022-10-18,138.05982971191406,0.0520869958624065,train
2022-10-19,136.4441680908203,-0.011771633863401297,train
2022-10-20,135.5749053955078,-0.006391211050822628,train
2022-10-21,139.78086853027344,0.030551676656515293,train
2022-10-24,142.09024047851562,0.016386380505053977,train
2022-10-25,145.58497619628906,0.024297592886998478,train
2022-10-26,146.4366912841797,0.005833248678647764,train
2022-10-27,146.55084228515625,0.0007792209133393908,train
2022-10-28,147.0952606201172,0.003707993760868113,train
2022-10-31,144.22390747070312,-0.019713403384943855,train
2022-11-01,144.52247619628906,0.0020680351262123736,train
2022-11-02,140.66770935058594,-0.027034602282321334,train
2022-11-03,140.31646728515625,-0.00250008561041584,train
2022-11-04,140.167236328125,-0.0010640972661871708,train
2022-11-07,140.37794494628906,0.0015021370663179754,train
2022-11-08,141.9145965576172,0.010887052000163521,train
2022-11-09,134.33680725097656,-0.05487531060192816,train
2022-11-10,144.33811950683594,0.07180846596672227,train
2022-11-11,152.18807983398438,0.052958523927057716,train
2022-11-14,152.13536071777344,-0.0003464676703359681,train
2022-11-15,158.1437530517578,0.03873379322779533,train
2022-11-16,137.37069702148438,-0.1408213594558652,train
2022-11-17,143.14938354492188,0.041205635808659415,train
2022-11-18,143.91807556152344,0.0053554927907940525,train
2022-11-21,139.62388610839844,-0.030291938348111738,train
2022-11-22,139.4824981689453,-0.0010131473840226807,train
2022-11-23,144.38633728027344,0.034553472573619765,train
2022-11-25,144.35986328125,-0.0001833721035714902,train
2022-11-28,146.1182098388672,0.012106717837934523,train
2022-11-29,147.00173950195312,0.006028469511362534,train
2022-11-30,147.6202850341797,0.004198915148943401,train
2022-12-01,145.8177947998047,-0.012285473695771645,train
2022-12-02,145.0490264892578,-0.005286062516482937,train
2022-12-05,136.89356994628906,-0.05786803678325433,train
2022-12-06,136.99960327148438,0.0007742677865736354,train
2022-12-07,135.85975646972656,-0.008354878742806573,train
2022-12-08,136.25741577148438,0.0029227084902961535,train
2022-12-09,134.55210876464844,-0.012594309971459666,train
2022-12-12,132.56399536132812,-0.014886037085185402,train
2022-12-13,133.30621337890625,0.005583325406958076,train
2022-12-14,134.7552947998047,0.010811664429027791,train
2022-12-15,130.41693115234375,-0.03272402133279246,train
2022-12-16,129.40077209472656,-0.007822132411435884,train
2022-12-19,127.81031799316406,-0.0123670746226836,train
2022-12-20,126.5733642578125,-0.009725179489160062,train
2022-12-21,125.7339096069336,-0.006654249285311357,train
2022-12-22,124.89451599121094,-0.006698336409284124,train
2022-12-23,126.48495483398438,0.012653858004137732,train
2022-12-27,128.60556030273438,0.01662668108394802,train
2022-12-28,128.8264617919922,0.0017161932045524932,train
2022-12-29,131.09727478027344,0.01747336195361861,train
2022-12-30,131.68927001953125,0.00450552931587061,train
2023-01-03,134.0661163330078,0.017887951203023753,train
2023-01-04,134.94088745117188,0.006503728076321876,train
2023-01-05,136.3015594482422,0.010032968117095285,train
2023-01-06,141.50587463378906,0.03747145313797574,train
2023-01-09,138.14828491210938,-0.024013596454599197,train
2023-01-10,137.81251525878906,-0.0024334602509276135,train
2023-01-11,140.46327209472656,0.019051869659632844,train
2023-01-12,141.15245056152344,0.004894469926013799,train
2023-01-13,145.43783569335938,0.02990823327400244,train
2023-01-17,143.2288818359375,-0.015304826233639985,train
2023-01-18,142.10670471191406,-0.007865705944988005,train
2023-01-19,140.57814025878906,-0.010814724442985637,train
2023-01-20,143.32608032226562,0.019358823735789066,train
2023-01-23,145.46437072753906,0.014808865563663173,train
2023-01-24,144.5100555419922,-0.006582088242803729,train
2023-01-25,145.09324645996094,0.0040275211108562825,train
2023-01-26,147.5849151611328,0.017027091370109278,train
2023-01-27,148.8926544189453,0.008821900024261435,train
2023-01-30,149.0428466796875,0.0010082200537430103,train
2023-01-31,152.1000518798828,0.020304714139620556,train
2023-02-01,156.4649658203125,0.028293583990800817,train
2023-02-02,159.94625854492188,0.02200575037128524,train
2023-02-03,156.1821746826172,-0.023814762373509008,train
2023-02-06,153.60215759277344,-0.01665724490151468,train
2023-02-07,154.41502380371094,0.005278069842218591,train
2023-02-08,151.79080200195312,-0.017140667031888403,train
2023-02-09,151.41969299316406,-0.002447865098491862,train
2023-02-10,150.2268524169922,-0.007908904060551041,train
2023-02-13,153.14266967773438,0.019223467361257497,train
2023-02-14,152.19129943847656,-0.006231689980640245,train
2023-02-15,156.50355529785156,0.027940448805552357,train
2023-02-16,155.18765258789062,-0.008443680763832614,train
2023-02-17,154.01400756835938,-0.007591490003212974,train
2023-02-21,147.79013061523438,-0.0412503254977958,train
2023-02-22,147.34561157226562,-0.003012304614844052,train
2023-02-23,147.1499786376953,-0.0013285968948325711,train
2023-02-24,148.44808959960938,0.008783002639070097,train
2023-02-27,148.31472778320312,-0.0008987771888666483,train
2023-02-28,149.81736755371094,0.010080447682560065,train
2023-03-01,144.39369201660156,-0.03687346122957968,train
2023-03-02,147.5412139892578,0.021564012217582546,train
2023-03-03,147.59454345703125,0.0003613894081509412,train
2023-03-06,146.8832244873047,-0.004831063194738565,train
2023-03-07,144.76712036132812,-0.014511495000357474,train
2023-03-08,145.380615234375,0.004228851113085971,train
2023-03-09,142.82882690429688,-0.017708337342341743,train
2023-03-10,140.64158630371094,-0.015432185558283205,train
2023-03-13,140.41041564941406,-0.0016450386748523226,train
2023-03-14,140.81053161621094,0.002845564960032398,train
2023-03-15,141.48626708984375,0.0047874206675416805,train
2023-03-16,144.97161865234375,0.02433532982536312,train
2023-03-17,141.6907501220703,-0.02289112316070317,train
2023-03-20,145.1405792236328,0.024055917965121174,train
2023-03-21,144.66932678222656,-0.00325215147577696,train
2023-03-22,140.0103302001953,-0.03273442612739608,train
2023-03-23,138.8099822998047,-0.008610242958243407,train
2023-03-24,138.89891052246094,0.000640442045568758,train
2023-03-27,141.7085723876953,0.020026235485476912,train
2023-03-28,142.05531311035156,0.002443869096472859,train
2023-03-29,140.57936096191406,-0.010444334688732317,train
2023-03-30,142.49986267089844,0.0135688599832854,train
2023-03-31,147.26556396484375,0.03289647850497301,train
2023-04-03,147.6478729248047,0.0025926873875305916,train
2023-04-04,147.63902282714844,-5.994236646614732e-05,train
2023-04-05,146.91883850097656,-0.004889944257367044,train
2023-04-06,147.2211151123047,0.002055325800017479,train
2023-04-10,150.2619171142578,0.02044424444241955,train
2023-04-11,150.77760314941406,0.003426038807929852,train
2023-04-12,145.380615234375,-0.03645068836157018,train
2023-04-13,145.167236328125,-0.0014688041468157928,train
2023-04-14,143.14891052246094,-0.0140010110314912,train
2023-04-17,144.66041564941406,0.0105036139276408,train
2023-04-18,144.39369201660156,-0.0018454932930570972,train
2023-04-19,144.4915008544922,0.0006771467977011522,train
2023-04-20,142.50875854492188,-0.013817226913652756,train
2023-04-21,144.19808959960938,0.011784515201044517,train
2023-04-24,145.7629852294922,0.01079393725166965,train
2023-04-25,140.13479614257812,-0.03937712476970231,train
2023-04-26,138.21426391601562,-0.013799670841022198,train
2023-04-27,140.6149139404297,0.01721992916115378,train
2023-04-28,140.25926208496094,-0.002532465252441961,train
2023-05-01,139.6991424560547,-0.004001454267419904,train
2023-05-02,138.45436096191406,-0.008950380194498593,train
2023-05-03,137.43185424804688,-0.0074125587969296235,train
2023-05-04,135.6180419921875,-0.013285769089637483,train
2023-05-05,138.97003173828125,0.02441589118545885,train
2023-05-08,139.1478729248047,0.0012788907710064006,train
2023-05-09,139.96585083007812,0.005861268561318224,train
2023-05-10,140.24151611328125,0.0019675811892018815,train
2023-05-11,141.25511169433594,0.007201506955953094,train
2023-05-12,140.47267150878906,-0.005554597337931575,train
2023-05-15,142.7666015625,0.016198178914871228,train
2023-05-16,140.45713806152344,-0.016308764881559735,train
2023-05-17,144.08248901367188,0.025483600884733237,train
2023-05-18,138.0133819580078,-0.04303532477225638,train
2023-05-19,136.3125762939453,-0.012400047505540251,train
2023-05-22,135.9813995361328,-0.0024324953947407095,train
2023-05-23,131.7294464111328,-0.031767937483841206,train
2023-05-24,128.09518432617188,-0.027976555668064392,train
2023-05-25,125.99158477783203,-0.01655849787029265,train
2023-05-26,124.36241912841797,-0.013015079617435657,train
2023-05-30,119.80613708496094,-0.03732512550261852,train
2023-05-31,117.20127868652344,-0.02198212474555326,train
2023-06-01,117.40717315673828,0.001755218292069091,train
2023-06-02,119.25115966796875,0.015583848730116276,train
2023-06-05,116.90589141845703,-0.019862590113684592,train
2023-06-06,118.78567504882812,0.015951554974609542,train
2023-06-07,117.935302734375,-0.007184627068976263,train
2023-06-08,117.50562286376953,-0.0036500055931175117,train
2023-06-09,113.67440795898438,-0.03314789509162187,train
2023-06-12,113.21788024902344,-0.004024185481606121,train
2023-06-13,115.22300720214844,0.017555337592020888,train
2023-06-14,119.26008605957031,0.03443726168995913,train
2023-06-15,123.38671875,0.034016772737574086,train
2023-06-16,119.77928924560547,-0.029672685058575222,train
2023-06-20,118.8035888671875,-0.008179177194718995,train
2023-06-21,119.25115966796875,0.0037602386081370806,train
2023-06-22,118.50817108154297,-0.006249941927576072,train
2023-06-23,118.00689697265625,-0.004238840794164548,train
2023-06-26,120.39693450927734,0.020050999985777206,train
2023-06-27,118.6156005859375,-0.014906054240689458,train
2023-06-28,118.57980346679688,-0.00030183653477907,train
2023-06-29,118.97367095947266,0.003316035301473509,train
2023-06-30,118.0695571899414,-0.00762829768100518,train
2023-07-03,120.71919250488281,0.022193206936011983,validation
2023-07-05,118.65141296386719,-0.017277233962885753,validation
2023-07-06,117.12071228027344,-0.0129847596597858,validation
2023-07-07,116.4135513305664,-0.006056182935822804,validation
2023-07-10,117.92633819580078,0.012911228074234704,validation
2023-07-11,119.4033432006836,0.012447023611295936,validation
2023-07-12,118.97367095947266,-0.0036049843820433213,validation
2023-07-13,118.89310455322266,-0.0006774078402266572,validation
2023-07-14,117.19232177734375,-0.014408447198367409,validation
2023-07-17,116.37774658203125,-0.006975024698335245,validation
2023-07-18,117.09385681152344,0.006134471728366966,validation
2023-07-19,118.78567504882812,0.01434501107944588,validation
2023-07-20,120.52225494384766,0.014513604947531178,validation
2023-07-21,120.02098083496094,-0.0041678564180007305,validation
2023-07-24,121.2115249633789,0.009870591780720089,validation
2023-07-25,119.59129333496094,-0.013457118907379032,validation
2023-07-26,120.3700942993164,0.006491075139506732,validation
2023-07-27,120.39693450927734,0.00022295586073329006,validation
2023-07-28,120.8445053100586,0.003710567426896373,validation
2023-07-31,122.16039276123047,0.010830236951899873,validation
2023-08-01,119.04527282714844,-0.02583101135627658,validation
2023-08-02,119.53759765625,0.0041270819393692555,validation
2023-08-03,118.81253051757812,-0.006084069522515335,validation
2023-08-04,118.63349151611328,-0.0015080398809130138,validation
2023-08-07,118.10535430908203,-0.00446177796758289,validation
2023-08-08,117.24601745605469,-0.007302618765202888,validation
2023-08-09,116.90589141845703,-0.0029051762033960094,validation
2023-08-10,117.19232177734375,0.0024470968651318617,validation
2023-08-11,117.30868530273438,0.0009924352683201997,validation
2023-08-14,115.84960174560547,-0.012515983220246102,validation
2023-08-15,112.89739990234375,-0.025813372403637763,validation
2023-08-16,116.2378158569336,0.02915878834566906,validation
2023-08-17,117.46565246582031,0.010507742269028808,validation
2023-08-18,118.458740234375,0.008418744858284434,validation
2023-08-21,115.37110900878906,-0.026410748748913426,validation
2023-08-22,112.79808807373047,-0.022554578300762265,validation
2023-08-23,111.2362060546875,-0.013943466380112998,validation
2023-08-24,112.03971099853516,0.007197448100364138,validation
2023-08-25,109.95419311523438,-0.01878951810179572,validation
2023-08-28,111.43482208251953,0.013376011829583683,validation
2023-08-29,113.89952087402344,0.02187679922751096,validation
2023-08-30,114.61273956298828,0.006242299678428297,validation
2023-08-31,114.25162506103516,-0.0031557101711872774,validation
2023-09-01,113.32170867919922,-0.008172500198398436,validation
2023-09-05,113.02378845214844,-0.0026324393713941362,validation
2023-09-06,111.68760681152344,-0.011892564570465336,validation
2023-09-07,112.36473083496094,0.006044356350545786,validation
2023-09-08,111.6695556640625,-0.006205991171656249,validation
2023-09-11,110.7486801147461,-0.008280623286343195,validation
2023-09-12,110.50492858886719,-0.002203368577095921,validation
2023-09-13,110.98341369628906,0.004320641410252027,validation
2023-09-14,112.64459228515625,0.01485689716812674,validation
2023-09-15,111.09175872802734,-0.01388114612714626,validation
2023-09-18,107.74230194091797,-0.030614232300699033,validation
2023-09-19,108.49163818359375,0.006930819850494764,validation
2023-09-20,108.70832061767578,0.0019952352400215896,validation
2023-09-21,105.91860961914062,-0.025997372423340173,validation
2023-09-22,101.65731048583984,-0.04106350969870056,validation
2023-09-25,101.35034942626953,-0.0030241350857709544,validation
2023-09-26,98.84052276611328,-0.02507565049044716,validation
2023-09-27,99.07524871826172,0.002371979357086372,validation
2023-09-28,98.9127426147461,-0.0016415757229977694,validation
2023-09-29,99.82459259033203,0.009176497947906448,validation
2023-10-02,96.32164764404297,-0.03572148434891881,validation
2023-10-03,96.74596405029297,0.0043955284441459744,validation
2023-10-04,96.25846099853516,-0.00505174001470343,validation
2023-10-05,94.93131256103516,-0.01388327136452776,validation
2023-10-06,94.80492401123047,-0.0013322554592835006,validation
2023-10-09,95.48202514648438,0.007116662451144033,validation
2023-10-10,98.97593688964844,0.03593874745961379,validation
2023-10-11,98.39812469482422,-0.0058550129724061145,validation
2023-10-12,100.03223419189453,0.01647073006886838,validation
2023-10-13,101.0975570678711,0.010593486245900249,validation
2023-10-16,100.56490325927734,-0.00528263957930466,validation
2023-10-17,101.6211929321289,0.01044878261115128,validation
2023-10-18,99.49956512451172,-0.021098831696715042,validation
2023-10-19,97.82936096191406,-0.016928527227108296,validation
2023-10-20,98.2536849975586,0.004328010062534647,validation
2023-10-23,96.980712890625,-0.013040633828774581,validation
2023-10-24,98.11825561523438,0.011661318603056199,validation
2023-10-25,99.63500213623047,0.015340088768328413,validation
2023-10-26,100.0954360961914,0.0046105619120108245,validation
2023-10-27,96.80917358398438,-0.033382333615242864,validation
2023-10-30,98.1092300415039,0.013339692012157518,validation
2023-10-31,100.02320861816406,0.019320795007864894,validation
2023-11-01,98.8946762084961,-0.011346838107662929,validation
2023-11-02,100.27598571777344,0.013870834618399566,validation
2023-11-03,101.88301086425781,0.01589896096726252,validation
2023-11-06,100.2579345703125,-0.01607899183170443,validation
2023-11-07,100.5287857055664,0.002697900530154623,validation
2023-11-08,99.174560546875,-0.013562576115497056,validation
2023-11-09,96.41192626953125,-0.02825162484969321,validation
2023-11-10,97.8022689819336,0.014317866542760843,validation
2023-11-13,96.87236785888672,-0.009553460180445112,validation
2023-11-14,101.0592269897461,0.04231243399613684,validation
2023-11-15,119.00160217285156,0.16343020584669135,validation
2023-11-16,118.52726745605469,-0.003993917438853378,validation
2023-11-17,118.48165130615234,-0.00038493193170814296,validation
2023-11-20,118.26273345947266,-0.0018494031805090531,validation
2023-11-21,119.31173706054688,0.008831002894564196,validation
2023-11-22,119.03807830810547,-0.002296279292400861,validation
2023-11-24,119.91377258300781,0.007329494975106611,validation
2023-11-27,119.79517364501953,-0.0009895245841407495,validation
2023-11-28,120.10531616210938,0.002585594469791441,validation
2023-11-29,119.78606414794922,-0.002661639632247426,validation
2023-11-30,122.05735778808594,0.01878372711542257,validation
2023-12-01,122.94214630126953,0.007222809393116674,validation
2023-12-04,121.96614074707031,-0.007970418093194995,validation
2023-12-05,121.20904541015625,-0.006226768405874127,validation
2023-12-06,121.66513061523438,0.003755736807042943,validation
2023-12-07,123.31616973876953,0.013479103251247081,validation
2023-12-08,123.31616973876953,0.0,validation
2023-12-11,124.74828338623047,0.011546431100267662,validation
2023-12-12,123.74486541748047,-0.008076065093849135,validation
2023-12-13,126.2259521484375,0.019851662967961533,validation
2023-12-14,128.74354553222656,0.019748834518627238,validation
2023-12-15,126.21686553955078,-0.019820823961415625,validation
2023-12-18,125.62395477294922,-0.0047086239738608196,validation
2023-12-19,127.3205795288086,0.013415195590124522,validation
2023-12-20,124.8759536743164,-0.019387280182403446,validation
2023-12-21,127.12901306152344,0.017881547738277593,validation
2023-12-22,127.88611602783203,0.00593772764320172,validation
2023-12-26,128.64321899414062,0.005902679040328375,validation
2023-12-27,129.87464904785156,0.009526918792604979,validation
2023-12-28,130.0205841064453,0.001123030016059156,validation
2023-12-29,129.9111328125,-0.0008421542527511502,validation
2024-01-02,130.53140258789062,0.004763207723866219,validation
2024-01-03,126.490478515625,-0.03144679398914309,validation
2024-01-04,127.9317398071289,0.011329802233426467,validation
2024-01-05,128.3878173828125,0.003558667641297208,validation
2024-01-08,129.28172302246094,0.006938415960314237,validation
2024-01-09,131.14254760742188,0.014290958751801376,validation
2024-01-10,131.4344482421875,0.002223353603899492,validation
2024-01-11,129.54629516601562,-0.014469925990151938,validation
2024-01-12,128.53375244140625,-0.00784677412559644,validation
2024-01-16,128.6797332763672,0.0011350948433169917,validation
2024-01-17,126.55437469482422,-0.016654574304045523,validation
2024-01-18,125.3320541381836,-0.009705406972404303,validation
2024-01-19,126.00704193115234,0.00537114540684179,validation
2024-01-22,128.0320587158203,0.01594289754515329,validation
2024-01-23,128.5064239501953,0.0036982036386235093,validation
2024-01-24,126.97395324707031,-0.011996922034552066,validation
2024-01-25,129.69219970703125,0.021181975591744548,validation
2024-01-26,130.01148986816406,0.002458881678013281,validation
2024-01-29,129.0902099609375,-0.007111368164528295,validation
2024-01-30,128.17800903320312,-0.007091468616669286,validation
2024-01-31,126.86449432373047,-0.010300450362142053,validation
2024-02-01,131.7354736328125,0.0376763812783596,validation
2024-02-02,132.71148681640625,0.007381575599541707,validation
2024-02-05,129.82901000976562,-0.02195922282373279,validation
2024-02-06,131.74459838867188,0.014646910571456874,validation
2024-02-07,133.84259033203125,0.01579922280299593,validation
2024-02-08,134.45372009277344,0.0045556408637612,validation
2024-02-09,133.66014099121094,-0.005919734368218985,validation
2024-02-12,136.278076171875,0.019397159029877434,validation
2024-02-13,133.27703857421875,-0.022267517371463215,validation
2024-02-14,132.29190063476562,-0.007419109035443779,validation
2024-02-15,133.4777374267578,0.008923853530873377,validation
2024-02-16,136.4696502685547,0.02216754446246588,validation
2024-02-20,137.73777770996094,0.00924946848971916,validation
2024-02-21,136.7269287109375,-0.007366000406767672,validation
2024-02-22,138.15126037597656,0.010363458939161865,validation
2024-02-23,139.19883728027344,0.007554220423343667,validation
2024-02-26,137.9766845703125,-0.008818676499732787,validation
2024-02-27,139.66751098632812,0.012179957989826164,validation
2024-02-28,139.16207885742188,-0.003625387698502647,validation
2024-02-29,140.52210998535156,0.009725554051358097,validation
2024-03-01,142.69993591308594,0.01537923254349494,validation
2024-03-04,138.28912353515625,-0.031397483799591654,validation
2024-03-05,154.9124755859375,0.11351369221124512,validation
2024-03-06,159.47032165527344,0.028997549992774745,validation
2024-03-07,157.63247680664062,-0.011591606482536917,validation
2024-03-08,155.96005249023438,-0.010666326625670896,validation
2024-03-11,154.44381713867188,-0.009769513588282572,validation
2024-03-12,153.984375,-0.002979250861067988,validation
2024-03-13,153.15731811523438,-0.005385520118487617,validation
2024-03-14,150.98866271972656,-0.01426086343879479,validation
2024-03-15,150.90594482421875,-0.0005479918853188037,validation
2024-03-18,154.0027313232422,0.020313577337012053,validation
2024-03-19,154.57247924804688,0.0036927695598051257,validation
2024-03-20,156.64004516601562,0.013287359443590241,validation
2024-03-21,156.37356567382812,-0.0017026707295664286,validation
2024-03-22,154.95843505859375,-0.009090876350007012,validation
2024-03-25,158.6616973876953,0.023617326042365456,validation
2024-03-26,158.64329528808594,-0.00011598997844204604,validation
2024-03-27,160.50872802734375,0.01169006521488553,validation
2024-03-28,162.84278869628906,0.014436927540325863,validation
2024-04-01,163.40335083007812,0.003436440267144806,validation
2024-04-02,161.95144653320312,-0.008925111580127593,test
2024-04-03,161.2622528076172,-0.0042646383586449335,test
2024-04-04,158.25735473632812,-0.018809403821518477,test
2024-04-05,157.8438720703125,-0.002616142341632834,test
2024-04-08,155.94168090820312,-0.012124296007949098,test
2024-04-09,157.71519470214844,0.011308744253329015,test
2024-04-10,157.7060089111328,-5.8244600635597635e-05,test
2024-04-11,157.43954467773438,-0.0016910554114687058,test
2024-04-12,152.65191650390625,-0.030881267271280672,test
2024-04-15,151.63189697265625,-0.0067044207205962615,test
2024-04-16,150.07894897460938,-0.010294371138693935,test
2024-04-17,151.1356964111328,0.0070166028661195435,test
2024-04-18,153.0746307373047,0.012747500063377543,test
2024-04-19,154.6551971435547,0.010272519347053576,test
2024-04-22,153.56166076660156,-0.007095919235884446,test
2024-04-23,153.01028442382812,-0.00359704758333926,test
2024-04-24,151.93515014648438,-0.007051351554971456,test
2024-04-25,151.10812377929688,-0.005458153943925154,test
2024-04-26,151.38380432128906,0.0018227304116758185,test
2024-04-29,150.4556884765625,-0.00614975039342501,test
2024-04-30,147.92864990234375,-0.01693854984472218,test
2024-05-01,143.7475128173828,-0.02867168487657097,test
2024-05-02,145.30052185058594,0.010745784720745423,test
2024-05-03,145.2270050048828,-0.0005060921288112782,test
2024-05-06,145.51187133789062,0.0019596032546417164,test
2024-05-07,147.40484619140625,0.012925183805374394,test
2024-05-08,146.6513214111328,-0.0051250510116193524,test
2024-05-09,150.9978790283203,0.02920798451805033,test
2024-05-10,149.90432739257812,-0.007268517324807264,test
2024-05-13,147.85511779785156,-0.013764412724218038,test
2024-05-14,147.07791137695312,-0.005270404756778168,test
2024-05-15,145.73629760742188,-0.009163647914402901,test
2024-05-16,148.6416015625,0.019739241956098642,test
2024-05-17,148.16046142578125,-0.0032421645142111416,test
2024-05-20,144.99610900878906,-0.021588977629512566,test
2024-05-21,144.1356201171875,-0.005952244914376903,test
2024-05-22,132.56072998046875,-0.08371378282794384,test
2024-05-23,133.61550903320312,0.007925460046944135,test
2024-05-24,134.37420654296875,0.005662154124978571,test
2024-05-28,136.10443115234375,0.012793973122211375,test
2024-05-29,136.69659423828125,0.004341362098267126,test
2024-05-30,138.66737365722656,0.01431424078130997,test
2024-05-31,144.48721313476562,0.041112943150361146,test
2024-06-03,141.5911865234375,-0.020247075963749795,test
2024-06-04,139.2965545654297,-0.016338790693023995,test
2024-06-05,136.33572387695312,-0.02148474479261623,test
2024-06-06,134.2816925048828,-0.015180625442222708,test
2024-06-07,135.086669921875,0.005976795537738385,test
2024-06-10,137.4182891845703,0.017112908121774826,test
2024-06-11,135.262451171875,-0.015812506078224497,test
2024-06-12,135.80836486816406,0.004027836285107262,test
2024-06-13,133.86532592773438,-0.014410546015732691,test
2024-06-14,130.6084442138672,-0.02463039235300903,test
2024-06-17,134.13365173339844,0.026632832046369553,test
2024-06-18,131.88526916503906,-0.016904332228163996,test
2024-06-20,132.66250610351562,0.005875983451404915,test
2024-06-21,135.2069549560547,0.01899824917263934,test
2024-06-24,138.5008544921875,0.02406989095862022,test
2024-06-25,135.79913330078125,-0.019699662296736885,test
2024-06-26,136.16920471191406,0.002721431783115506,test
2024-06-27,135.7528533935547,-0.0030622866465838416,test
2024-06-28,136.9741668701172,0.008956366989205242,test
2024-07-01,134.84608459472656,-0.015658331155265128,test
2024-07-02,134.52224731445312,-0.0024044209948013355,test
2024-07-03,133.97633361816406,-0.004066423343114617,test
2024-07-05,134.76284790039062,0.005853381880643502,test
2024-07-08,137.6033477783203,0.02085870354407766,test
2024-07-09,136.56707763671875,-0.007559349807526883,test
2024-07-10,135.1884307861328,-0.01014631634109416,test
2024-07-11,140.0830078125,0.035565571013337266,test
2024-07-12,141.4246368408203,0.009531813516598217,test
2024-07-15,139.99049377441406,-0.010192454676340548,test
2024-07-16,143.42315673828125,0.024224879966453304,test
2024-07-17,144.27439880371094,0.005917634912951493,test
2024-07-18,140.72140502929688,-0.02493494861819523,test
2024-07-19,138.53782653808594,-0.01563868081724965,test
2024-07-22,139.73141479492188,0.008578710109774436,test
2024-07-23,139.03749084472656,-0.004978499175658251,test
2024-07-24,135.5030059814453,-0.025749790632037375,test
2024-07-25,135.35496520996094,-0.0010931248253439445,test
2024-07-26,137.86241149902344,0.018355470067757354,test
2024-07-29,135.84536743164062,-0.014738935003705553,test
2024-07-30,136.89089965820312,0.007667021033606958,test
2024-07-31,139.16702270507812,0.016490558268459365,test
2024-08-01,136.03041076660156,-0.022796344662037817,test
2024-08-02,128.76718139648438,-0.05487249093716034,test
2024-08-05,123.86335754394531,-0.038826975665036366,test
2024-08-06,123.8448715209961,-0.0001492564300614574,test
2024-08-07,123.49325561523438,-0.0028432021112056558,test
2024-08-08,123.95589447021484,0.003739268402230472,test
2024-08-09,125.37152862548828,0.011355745390385292,test
2024-08-12,124.92740631103516,-0.00354873887621846,test
2024-08-13,126.44480895996094,0.01207310106727686,test
2024-08-14,125.61210632324219,-0.006607282844559856,test
2024-08-15,131.07107543945312,0.04254109936189107,test
2024-08-16,133.2731475830078,0.016661026729010122,test
2024-08-19,133.81906127929688,0.004087835124933427,test
2024-08-20,133.54147338867188,-0.002076506846558661,test
2024-08-21,148.4986114501953,0.10616351601304327,test
2024-08-22,146.23265075683594,-0.015376755923797917,test
2024-08-23,147.79920959472656,0.010655808925364298,test
2024-08-26,148.1721954345703,0.0025204194118456807,test
2024-08-27,147.96705627441406,-0.0013854238624863863,test
2024-08-28,146.26995849609375,-0.011535711095861836,test
2024-08-29,143.06219482421875,-0.02217448060390187,test
2024-08-30,143.24868774414062,0.001302730407058299,test
2024-09-03,141.5515594482422,-0.011918166513579338,test
2024-09-04,142.18563842773438,0.0044694882432462025,test
2024-09-05,141.64480590820312,-0.003810959570299904,test
2024-09-06,141.066650390625,-0.004090080615284002,test
2024-09-09,140.42324829101562,-0.004571412495418516,test
2024-09-10,138.01742553710938,-0.017281114808582895,test
2024-09-11,137.34603881835938,-0.004876377123833127,test
2024-09-12,138.41839599609375,0.007777381327763911,test
2024-09-13,141.14125061035156,0.019480212914917003,test
2024-09-16,142.52133178710938,0.009730518944456791,test
2024-09-17,141.7007598876953,-0.005774175923310485,test
2024-09-18,143.2300262451172,0.010734403695728346,test
2024-09-19,145.9249267578125,0.01864037614374921,test
2024-09-20,144.30238342285156,-0.011181306392779151,test
2024-09-23,144.80592346191406,0.0034834042207608543,test
2024-09-24,145.6358642578125,0.005715038881634797,test
2024-09-25,144.60081481933594,-0.007132481185412969,test
2024-09-26,145.4493408203125,0.005850908231684612,test
2024-09-27,144.703369140625,-0.005141935936981016,test
2024-09-30,145.3374481201172,0.00437235004124267,test
2024-10-01,141.92454528808594,-0.023762721870341334,test
2024-10-02,140.24606323242188,-0.011897070798089748,test
2024-10-03,139.50009155273438,-0.005333216811587423,test
2024-10-04,142.55865478515625,0.021688269993712175,test
2024-10-07,138.94058227539062,-0.02570715145038328,test
2024-10-08,141.10397338867188,0.015450642455551814,test
2024-10-09,143.91075134277344,0.019696306537589723,test
2024-10-10,145.44000244140625,0.010570322125837183,test
2024-10-11,147.7619171142578,0.01583866310576921,test
2024-10-14,147.3050079345703,-0.0030969892325921106,test
2024-10-15,149.84133911132812,0.017071673948798438,test
2024-10-16,148.1442413330078,-0.01139059228971041,test
2024-10-17,145.36544799804688,-0.01893550001404923,test
2024-10-18,146.2512969970703,0.006075451694947499,test
2024-10-21,140.7216339111328,-0.038542642987102194,test
2024-10-22,139.11776733398438,-0.01146289001495131,test
2024-10-23,138.0547332763672,-0.007670596956837117,test
2024-10-24,140.04090881347656,0.014284361266260148,test
2024-10-25,140.95477294921875,0.0065044939624777556,test
2024-10-28,139.22035217285156,-0.012381134347273223,test
2024-10-29,137.9428253173828,-0.009218655338184065,test
2024-10-30,138.4929962158203,0.003980465496835357,test
2024-10-31,139.91036987304688,0.01018224688162034,test
2024-11-01,140.6563720703125,0.005317835964002717,test
2024-11-04,139.86376953125,-0.005650964267619645,test
2024-11-05,140.79623413085938,0.006644823048656181,test
2024-11-06,137.34603881835938,-0.024810125066791748,test
2024-11-07,140.7216339111328,0.02428013937180473,test
2024-11-08,139.6679229736328,-0.007516085190059741,test
2024-11-11,142.9315948486328,0.023098531856976637,test
2024-11-12,145.14163208007812,0.015343880545837681,test
2024-11-13,144.5261993408203,-0.00424923721947766,test
2024-11-14,143.1088104248047,-0.009855548460188567,test
2024-11-15,141.85928344726562,-0.008769648339481214,test
2024-11-18,145.99020385742188,0.028703917955083896,test
2024-11-19,145.46798706054688,-0.003583480389142917,test
2024-11-20,114.32312774658203,-0.24092714937905865,test
2024-11-21,114.2010269165039,-0.0010686033769793876,test
2024-11-22,117.41319274902344,0.02773898598822503,test
2024-11-25,122.59773254394531,0.04320925315017821,test
2024-11-26,118.85960388183594,-0.03096553129535485,test
2024-11-27,122.1844711303711,0.027588963881459656,test
2024-11-29,124.26957702636719,0.01692125297604143,test
2024-12-02,122.77620697021484,-0.012089971519597306,test
2024-12-03,123.46183013916016,0.005568797971620481,test
2024-12-04,122.16570281982422,-0.010553697575990343,test
2024-12-05,121.32038879394531,-0.006943455508555821,test
2024-12-06,124.34471130371094,0.02462275110173443,test
2024-12-09,127.06846618652344,0.021668406410372765,test
2024-12-10,126.84306335449219,-0.001775444318328623,test
2024-12-11,127.7165298461914,0.006862596759549529,test
2024-12-12,127.06846618652344,-0.005087152441220812,test
2024-12-13,126.34528350830078,-0.005707540670493568,test
2024-12-16,124.40105438232422,-0.015507848343410456,test
2024-12-17,123.60272216796875,-0.0064380872175586815,test
2024-12-18,122.75740051269531,-0.0068625146273281964,test
2024-12-19,122.50381469726562,-0.0020678842806576047,test
2024-12-20,123.4900131225586,0.008018117508093234,test
2024-12-23,123.90327453613281,0.0033409297550529376,test
2024-12-24,124.35408020019531,0.0036317647873196105,test
2024-12-26,128.10162353515625,0.02969090085300851,test
2024-12-27,127.26571655273438,-0.006546725729974091,test
2024-12-30,126.84306335449219,-0.003326556352380343,test
2024-12-31,126.96516418457031,0.0009621503658997362,test
